Chain,Residue,PDB_Number,Seq_Position,Seq_Label,Distance_A
B,LYS,4346,76,NSP10_76,0.00
B,GLY,4347,77,NSP10_77,3.85
B,LEU,4345,75,NSP10_75,3.86
B,ALA,4324,54,NSP10_54,4.11
B,GLY,4323,53,NSP10_53,4.90
A,ASP,6904,107,NSP16_107,5.15
B,LYS,4348,78,NSP10_78,5.49
B,CYS,4343,73,NSP10_73,5.86
B,ASP,4344,74,NSP10_74,6.21
A,SER,6903,106,NSP16_106,7.10
B,CYS,4327,57,NSP10_57,7.57
B,GLY,4322,52,NSP10_52,7.73
B,SER,4325,55,NSP10_55,7.92
B,CYS,4330,60,NSP10_60,7.95
B,TYR,4349,79,NSP10_79,8.04
A,ALA,6905,108,NSP16_108,8.05
B,CYS,4326,56,NSP10_56,8.64
A,VAL,6902,105,NSP16_105,8.68
A,ASP,6906,109,NSP16_109,8.93
B,PHE,4342,72,NSP10_72,9.12
B,VAL,4350,80,NSP10_80,9.53
A,ALA,6881,84,NSP16_84,9.96
